"service_line","percentage_shift_to_community"
"Cardiology",0.23559960780740377
"Dermatology",0.1654297424414036
"Diabetes",0.19556757947335243
"Respiratory",0.20337861009381136
"Rheumatology",0.19499737180751647
"Urology",0.19952645231204993
